Url,page_blocked_reason
https://creations.africa/services/accounting-services,meta_tag
https://creations.africa/services/annual-financial-statements,meta_tag
https://creations.africa/services/b-bbee-consulting,meta_tag
https://creations.africa/services/company-registration,meta_tag
https://creations.africa/services/company-registration-sa,meta_tag
https://creations.africa/services/guide-capital-gains-tax,meta_tag
https://creations.africa/services/payroll-services-in-south-africa,meta_tag
https://creations.africa/services/provisional-tax,meta_tag
https://creations.africa/services/small-business-tax-services,meta_tag
https://creations.africa/services/tax-clearance,meta_tag
https://creations.africa/services/tax-clearance-certificate,meta_tag
https://creations.africa/services/tax-clearance-certificates,meta_tag
