Url,title
https://creations.africa/industries/growing-sme,Accounting for SMEs South Africa | Monthly Bookkeeping & Advisory | Creations
https://creations.africa/industries/professional-practice,"Accounting for Professionals SA | Doctors, Lawyers & Freelancers | Creations"
https://creations.africa/industries/start-up,Accounting for Startups South Africa | Registration & Tax Services | Creations
https://creations.africa/services/accounting-and-bookkeeping-services,Bookkeeping and Accounting Services South Africa | Integrated & Accurate | Creations
https://creations.africa/services/accounting-and-bookkeeping-services-south-africa,Accounting and Bookkeeping Services South Africa | Comprehensive Solutions | Creations
https://creations.africa/services/bookkeeping-service-small-business,Bookkeeping Service for Small Business | Practical Support | Creations
https://creations.africa/services/bookkeeping-services-near-me,Bookkeeping Services Near Me South Africa | Remote & Reliable | Creations
https://creations.africa/services/bookkeeping-services-south-africa,Bookkeeping Services in South Africa | Professional Record Keeping | Creations
https://creations.africa/services/business-bookkeeping-services,Business Bookkeeping Services South Africa | Accurate & Reliable | Creations
https://creations.africa/services/business-tax-services,Business Tax Services South Africa | Corporate Tax Compliance | Creations
https://creations.africa/services/cloud-accounting-services,"Cloud Accounting Services South Africa | Xero, Sage & QuickBooks | Creations"
https://creations.africa/services/monthly-bookkeeping-services,Monthly Bookkeeping Services South Africa | Consistent & Accurate | Creations
https://creations.africa/services/monthly-payroll-services,Monthly Payroll Services South Africa | Consistent & Compliant | Creations
https://creations.africa/services/outsourced-bookkeeping-services,Outsourced Bookkeeping Services South Africa | Cost-Effective & Reliable | Creations
https://creations.africa/services/outsourced-payroll-services,Outsourced Payroll Services South Africa | Secure & Reliable | Creations
https://creations.africa/services/outsourced-payroll-services-south-africa,Outsourced Payroll Services South Africa | Reliable & Compliant | Creations
https://creations.africa/services/outsourced-tax-services,Outsourced Tax Services South Africa | Reliable & Compliant | Creations
https://creations.africa/services/paye-registration,PAYE Registration Services in South Africa | Creations | Creations
https://creations.africa/services/payroll-management-services,Payroll Management Services South Africa | Oversight & Control | Creations
https://creations.africa/services/payroll-processing-services,Payroll Processing Services South Africa | Accurate & On-Time | Creations
https://creations.africa/services/payroll-services-near-me,Payroll Services Near Me South Africa | Digital & Reliable | Creations
https://creations.africa/services/payroll-services-small-business,Small Business Payroll Services South Africa | Simple & Compliant | Creations
https://creations.africa/services/professional-bookkeeping-services,Professional Bookkeeping Services South Africa | Accurate & Compliant | Creations
https://creations.africa/services/small-business-bookkeeping,Small Business Bookkeeping Services South Africa | Simple & Compliant | Creations
https://creations.africa/services/small-business-payroll-services,Small Business Payroll Services | Simple & Accurate South Africa | Creations
https://creations.africa/services/tax-compliance-services,Tax Compliance Services South Africa | Accurate & On-Time | Creations
https://creations.africa/services/tax-consulting-services,Tax Consulting Services South Africa | Specialist Advice | Creations
https://creations.africa/services/tax-management-services,Tax Management Services South Africa | Ongoing Oversight | Creations
https://creations.africa/services/tax-services,Tax Services in South Africa | Compliance & Submission | Creations
https://creations.africa/services/tax-services-near-me,Tax Services Near Me | Digital & Accessible South Africa | Creations
https://creations.africa/services/tax-services-small-business,Small Business Tax Services South Africa | Simplified Compliance | Creations
https://creations.africa/services/tax-services-south-africa,Tax Services South Africa | Local Compliance & Support | Creations
https://creations.africa/services/uif-registration,UIF Registration Services (Department of Labour) | Creations | Creations
https://creations.africa/services/vat-compliance-support,VAT Compliance Support Services in South Africa | Creations | Creations
https://creations.africa/services/vat-deregistration,VAT Deregistration Services in South Africa | Creations | Creations
https://creations.africa/services/vat-reconciliations,VAT Reconciliation Services in South Africa | Creations | Creations
https://creations.africa/services/vat-returns-submissions,VAT Returns & VAT Submissions (VAT201) Services | Creations | Creations
https://creations.africa/services/workmens-compensation-coida,COIDA Registration (Workmen's Compensation) | Creations | Creations
