No,Title,URL,Status
1,"","https://creations.africa/forgot-password","404"
2,"","https://creations.africa/quote","404"
3,"Accounting Services South Africa | Creations | Creations","https://creations.africa/","200"
4,"About Us | Creations | Creations","https://creations.africa/about","200"
5,"Contact Us | Creations | Creations","https://creations.africa/contact","200"
6,"Creations","https://creations.africa/get-a-quote","200"
7,"Creations","https://creations.africa/how-it-works","200"
8,"Creations","https://creations.africa/industries","200"
9,"Accounting for SMEs South Africa | Monthly Bookkeeping & Advisory | Creations","https://creations.africa/industries/growing-sme","200"
10,"Accounting for Professionals SA | Doctors, Lawyers & Freelancers | Creations","https://creations.africa/industries/professional-practice","200"
11,"Accounting for Startups South Africa | Registration & Tax Services | Creations","https://creations.africa/industries/start-up","200"
12,"Tender Compliance Services SA | Tax Clearance & CSD | Creations","https://creations.africa/industries/tender-driven-business","200"
13,"Accounting, Tax & Bookkeeping Services in Pretoria | Creations","https://creations.africa/locations/pretoria","200"
14,"Creations","https://creations.africa/login","200"
15,"Privacy Policy | Creations | Creations","https://creations.africa/privacy","200"
16,"Creations","https://creations.africa/services","200"
17,"Accounting Services South Africa | Creations","https://creations.africa/services/accounting","200"
18,"Bookkeeping and Accounting Services South Africa | Integrated & Accurate | Creations","https://creations.africa/services/accounting-and-bookkeeping-services","200"
19,"Accounting and Bookkeeping Services South Africa | Comprehensive Solutions | Creations","https://creations.africa/services/accounting-and-bookkeeping-services-south-africa","200"
20,"Accounting Services in Bellville | South Africa | Creations","https://creations.africa/services/accounting-services-bellville","200"
21,"Accounting Services in Cape Town | South Africa | Creations","https://creations.africa/services/accounting-services-cape-town","200"
22,"Accounting Services in Centurion | South Africa | Creations","https://creations.africa/services/accounting-services-centurion","200"
23,"Accounting Services Company | Creations | Creations","https://creations.africa/services/accounting-services-company","200"
24,"Accounting Services in Durban | South Africa | Creations","https://creations.africa/services/accounting-services-durban","200"
25,"Accounting Services Firm | Creations | Creations","https://creations.africa/services/accounting-services-firm","200"
26,"Accounting Services in Johannesburg | South Africa | Creations","https://creations.africa/services/accounting-services-johannesburg","200"
27,"Accounting Services in Midrand | South Africa | Creations","https://creations.africa/services/accounting-services-midrand","200"
28,"Accounting Services Packages | Creations | Creations","https://creations.africa/services/accounting-services-packages","200"
29,"Accounting Services in Pretoria | South Africa | Creations","https://creations.africa/services/accounting-services-pretoria","200"
30,"Accounting Services in Randburg | South Africa | Creations","https://creations.africa/services/accounting-services-randburg","200"
31,"Accounting Services in Roodepoort | South Africa | Creations","https://creations.africa/services/accounting-services-roodepoort","200"
32,"Accounting Services in Sandton | South Africa | Creations","https://creations.africa/services/accounting-services-sandton","200"
33,"Accounting Services for Tenders | Creations | Creations","https://creations.africa/services/accounting-services-tenders","200"
34,"Accounting Services in Umhlanga | South Africa | Creations","https://creations.africa/services/accounting-services-umhlanga","200"
35,"Advisory Services | Creations | Creations","https://creations.africa/services/advisory-services","200"
36,"Annual Financial Statements (AFS) | Creations | Creations","https://creations.africa/services/annual-financial-statements-afs","200"
37,"Audit Readiness | Creations | Creations","https://creations.africa/services/audit-readiness","200"
38,"Bank Reconciliation Services | Creations | Creations","https://creations.africa/services/bank-reconciliation-services","200"
39,"BEE Certification & EME Affidavits | Creations | Creations","https://creations.africa/services/bee-certification","200"
40,"Beneficial Ownership Filing | Creations | Creations","https://creations.africa/services/beneficial-ownership-filing","200"
41,"Bookkeeping Service for Small Business | Practical Support | Creations","https://creations.africa/services/bookkeeping-service-small-business","200"
42,"Bookkeeping Services in Bellville | South Africa | Creations","https://creations.africa/services/bookkeeping-services-bellville","200"
43,"Bookkeeping Services in Cape Town | South Africa | Creations","https://creations.africa/services/bookkeeping-services-cape-town","200"
44,"Bookkeeping Services in Centurion | South Africa | Creations","https://creations.africa/services/bookkeeping-services-centurion","200"
45,"Bookkeeping Services in Durban | South Africa | Creations","https://creations.africa/services/bookkeeping-services-durban","200"
46,"Bookkeeping Services in Johannesburg | South Africa | Creations","https://creations.africa/services/bookkeeping-services-johannesburg","200"
47,"Bookkeeping Services in Midrand | South Africa | Creations","https://creations.africa/services/bookkeeping-services-midrand","200"
48,"Bookkeeping Services Near Me South Africa | Remote & Reliable | Creations","https://creations.africa/services/bookkeeping-services-near-me","200"
49,"Bookkeeping Services in Pretoria | South Africa | Creations","https://creations.africa/services/bookkeeping-services-pretoria","200"
50,"Bookkeeping Services in Randburg | South Africa | Creations","https://creations.africa/services/bookkeeping-services-randburg","200"
51,"Bookkeeping Services in Roodepoort | South Africa | Creations","https://creations.africa/services/bookkeeping-services-roodepoort","200"
52,"Bookkeeping Services in Sandton | South Africa | Creations","https://creations.africa/services/bookkeeping-services-sandton","200"
53,"Bookkeeping Services in South Africa | Professional Record Keeping | Creations","https://creations.africa/services/bookkeeping-services-south-africa","200"
54,"Bookkeeping Services in Umhlanga | South Africa | Creations","https://creations.africa/services/bookkeeping-services-umhlanga","200"
55,"Budgeting & Forecasting | Creations | Creations","https://creations.africa/services/budgeting-and-forecasting","200"
56,"Business Accounting Services | Creations | Creations","https://creations.africa/services/business-accounting-services","200"
57,"Business Bookkeeping Services South Africa | Accurate & Reliable | Creations","https://creations.africa/services/business-bookkeeping-services","200"
58,"Business IT Solutions | Creations | Creations","https://creations.africa/services/business-it-solutions","200"
59,"Business Tax Services South Africa | Corporate Tax Compliance | Creations","https://creations.africa/services/business-tax-services","200"
60,"Capital Gains Tax (CGT) Advisory | Creations | Creations","https://creations.africa/services/capital-gains-tax-advisory","200"
61,"Cash Flow Management & Forecasting | Creations | Creations","https://creations.africa/services/cash-flow-management-forecasting","200"
62,"Catch-up Bookkeeping / Historical Cleanup | Creations | Creations","https://creations.africa/services/catch-up-bookkeeping-historical-cleanup","200"
63,"CIPC Annual Returns | Creations | Creations","https://creations.africa/services/cipc-annual-returns","200"
64,"CIPC Compliance | Creations | Creations","https://creations.africa/services/cipc-compliance","200"
65,"Cloud Accounting Services South Africa | Xero, Sage & QuickBooks | Creations","https://creations.africa/services/cloud-accounting-services","200"
66,"Companies Act Compliance | Creations | Creations","https://creations.africa/services/companies-act-compliance","200"
67,"Company Registration (Pty Ltd / NPC) | Creations | Creations","https://creations.africa/services/company-registration-pty-ltd-npc","200"
68,"Compliance Services | Creations | Creations","https://creations.africa/services/compliance","200"
69,"Corporate Income Tax (ITR14) | Creations | Creations","https://creations.africa/services/corporate-income-tax-returns-itr14","200"
70,"Data Analytics | Creations | Creations","https://creations.africa/services/data-analytics-services","200"
71,"Debtors & Creditors Management | Creations | Creations","https://creations.africa/services/debtors-creditors-management","200"
72,"Director Changes (Add/Remove) | Creations | Creations","https://creations.africa/services/director-changes-add-remove","200"
73,"EMP501 Reconciliations (Bi-Annual) | Creations | Creations","https://creations.africa/services/emp501-reconciliations","200"
74,"Intelligence Services | Creations | Creations","https://creations.africa/services/intelligence","200"
75,"IRP5 Certificates (Employee Tax) | Creations | Creations","https://creations.africa/services/irp5-certificates","200"
76,"Letter of Good Standing (COIDA) | Creations | Creations","https://creations.africa/services/letter-of-good-standing","200"
77,"Management Accounts | Creations | Creations","https://creations.africa/services/management-accounts","200"
78,"Monthly Accounting Services | Creations | Creations","https://creations.africa/services/monthly-accounting-services","200"
79,"Monthly Bookkeeping Services South Africa | Consistent & Accurate | Creations","https://creations.africa/services/monthly-bookkeeping-services","200"
80,"Monthly Payroll Services South Africa | Consistent & Compliant | Creations","https://creations.africa/services/monthly-payroll-services","200"
81,"Monthly Reporting Packs | Creations | Creations","https://creations.africa/services/monthly-reporting-packs","200"
82,"Outsourced Bookkeeping Services South Africa | Cost-Effective & Reliable | Creations","https://creations.africa/services/outsourced-bookkeeping-services","200"
83,"Outsourced Payroll Services South Africa | Secure & Reliable | Creations","https://creations.africa/services/outsourced-payroll-services","200"
84,"Outsourced Payroll Services South Africa | Reliable & Compliant | Creations","https://creations.africa/services/outsourced-payroll-services-south-africa","200"
85,"Outsourced Tax Services South Africa | Reliable & Compliant | Creations","https://creations.africa/services/outsourced-tax-services","200"
86,"Outsourcing Accounting Services | Creations | Creations","https://creations.africa/services/outsourcing-accounting-services","200"
87,"PAYE Registration Services in South Africa | Creations | Creations","https://creations.africa/services/paye-registration","200"
88,"Payroll Management Services South Africa | Oversight & Control | Creations","https://creations.africa/services/payroll-management-services","200"
89,"Payroll Processing Services South Africa | Accurate & On-Time | Creations","https://creations.africa/services/payroll-processing-services","200"
90,"Payroll Services | Creations | Creations","https://creations.africa/services/payroll-service","200"
91,"Payroll Services South Africa | Accurate & Compliant | Creations","https://creations.africa/services/payroll-services","200"
92,"Payroll Services in Bellville | South Africa | Creations","https://creations.africa/services/payroll-services-bellville","200"
93,"Payroll Services in Cape Town | South Africa | Creations","https://creations.africa/services/payroll-services-cape-town","200"
94,"Payroll Services in Centurion | South Africa | Creations","https://creations.africa/services/payroll-services-centurion","200"
95,"Payroll Services in Durban | South Africa | Creations","https://creations.africa/services/payroll-services-durban","200"
96,"Payroll Services in Johannesburg | South Africa | Creations","https://creations.africa/services/payroll-services-johannesburg","200"
97,"Payroll Services in Midrand | South Africa | Creations","https://creations.africa/services/payroll-services-midrand","200"
98,"Payroll Services Near Me South Africa | Digital & Reliable | Creations","https://creations.africa/services/payroll-services-near-me","200"
99,"Payroll Services in Pretoria | South Africa | Creations","https://creations.africa/services/payroll-services-pretoria","200"
100,"Payroll Services in Randburg | South Africa | Creations","https://creations.africa/services/payroll-services-randburg","200"
101,"Payroll Services in Roodepoort | South Africa | Creations","https://creations.africa/services/payroll-services-roodepoort","200"
102,"Payroll Services in Sandton | South Africa | Creations","https://creations.africa/services/payroll-services-sandton","200"
103,"Small Business Payroll Services South Africa | Simple & Compliant | Creations","https://creations.africa/services/payroll-services-small-business","200"
104,"Monthly Payroll Services | Creations | Creations","https://creations.africa/services/payroll-services-south-africa","200"
105,"Payroll Services in Umhlanga | South Africa | Creations","https://creations.africa/services/payroll-services-umhlanga","200"
106,"Personal Income Tax (ITR12) | Creations | Creations","https://creations.africa/services/personal-income-tax-returns-itr12","200"
107,"Professional Bookkeeping Services South Africa | Accurate & Compliant | Creations","https://creations.africa/services/professional-bookkeeping-services","200"
108,"Provisional Tax (Individuals & Companies) | Creations | Creations","https://creations.africa/services/provisional-tax-services","200"
109,"SDL Registration & Submissions | Creations | Creations","https://creations.africa/services/sdl-registration-submissions","200"
110,"Share Certificates & Registers | Creations | Creations","https://creations.africa/services/share-certificates-registers","200"
111,"Small Business Accounting Services | Creations | Creations","https://creations.africa/services/small-business-accounting-services","200"
112,"Small Business Bookkeeping Services South Africa | Simple & Compliant | Creations","https://creations.africa/services/small-business-bookkeeping","200"
113,"Small Business Payroll Services | Simple & Accurate South Africa | Creations","https://creations.africa/services/small-business-payroll-services","200"
114,"Sole Proprietor Tax | Creations | Creations","https://creations.africa/services/sole-proprietor-tax","200"
115,"Tax and Accounting Services | Creations | Creations","https://creations.africa/services/tax-and-accounting-services","200"
116,"Tax Compliance Services South Africa | Accurate & On-Time | Creations","https://creations.africa/services/tax-compliance-services","200"
117,"Tax Consulting Services South Africa | Specialist Advice | Creations","https://creations.africa/services/tax-consulting-services","200"
118,"Tax Management Services South Africa | Ongoing Oversight | Creations","https://creations.africa/services/tax-management-services","200"
119,"Tax Services in South Africa | Compliance & Submission | Creations","https://creations.africa/services/tax-services","200"
120,"Tax Services in Bellville | South Africa | Creations","https://creations.africa/services/tax-services-bellville","200"
121,"Tax Services in Cape Town | South Africa | Creations","https://creations.africa/services/tax-services-cape-town","200"
122,"Tax Services in Centurion | South Africa | Creations","https://creations.africa/services/tax-services-centurion","200"
123,"Tax Services in Durban | South Africa | Creations","https://creations.africa/services/tax-services-durban","200"
124,"Tax Services in Johannesburg | South Africa | Creations","https://creations.africa/services/tax-services-johannesburg","200"
125,"Tax Services in Midrand | South Africa | Creations","https://creations.africa/services/tax-services-midrand","200"
126,"Tax Services Near Me | Digital & Accessible South Africa | Creations","https://creations.africa/services/tax-services-near-me","200"
127,"Tax Services in Pretoria | South Africa | Creations","https://creations.africa/services/tax-services-pretoria","200"
128,"Tax Services in Randburg | South Africa | Creations","https://creations.africa/services/tax-services-randburg","200"
129,"Tax Services in Roodepoort | South Africa | Creations","https://creations.africa/services/tax-services-roodepoort","200"
130,"Tax Services in Sandton | South Africa | Creations","https://creations.africa/services/tax-services-sandton","200"
131,"Small Business Tax Services South Africa | Simplified Compliance | Creations","https://creations.africa/services/tax-services-small-business","200"
132,"Tax Services South Africa | Local Compliance & Support | Creations","https://creations.africa/services/tax-services-south-africa","200"
133,"Tax Services in Umhlanga | South Africa | Creations","https://creations.africa/services/tax-services-umhlanga","200"
134,"Taxes and Accounting Services | Creations | Creations","https://creations.africa/services/taxes-and-accounting-services","200"
135,"Tender Readiness Support | Creations | Creations","https://creations.africa/services/tender-readiness","200"
136,"UIF Registration Services (Department of Labour) | Creations | Creations","https://creations.africa/services/uif-registration","200"
137,"VAT Compliance Support Services in South Africa | Creations | Creations","https://creations.africa/services/vat-compliance-support","200"
138,"VAT Deregistration Services in South Africa | Creations | Creations","https://creations.africa/services/vat-deregistration","200"
139,"VAT Reconciliation Services in South Africa | Creations | Creations","https://creations.africa/services/vat-reconciliations","200"
140,"VAT Registration Services in South Africa | Creations | Creations","https://creations.africa/services/vat-registration","200"
141,"VAT Returns & VAT Submissions (VAT201) Services | Creations | Creations","https://creations.africa/services/vat-returns-submissions","200"
142,"COIDA Registration (Workmen's Compensation) | Creations | Creations","https://creations.africa/services/workmens-compensation-coida","200"
143,"Creations","https://creations.africa/signup","200"
144,"Sitemap | Creations | Creations","https://creations.africa/site-map","200"
145,"Terms of Service | Creations | Creations","https://creations.africa/terms","200"
146,"","https://creations.africa/services/accounting-services",undefined
147,"","https://creations.africa/services/annual-financial-statements",undefined
148,"","https://creations.africa/services/b-bbee-consulting",undefined
149,"","https://creations.africa/services/company-registration",undefined
150,"","https://creations.africa/services/company-registration-sa",undefined
151,"","https://creations.africa/services/guide-capital-gains-tax",undefined
152,"","https://creations.africa/services/payroll-services-in-south-africa",undefined
153,"","https://creations.africa/services/provisional-tax",undefined
154,"","https://creations.africa/services/small-business-tax-services",undefined
155,"","https://creations.africa/services/tax-clearance",undefined
156,"","https://creations.africa/services/tax-clearance-certificate",undefined
157,"","https://creations.africa/services/tax-clearance-certificates",undefined
158,"Accounting for Construction & Contractors | Project Finance | Creations","https://creations.africa/industries/construction-projects","200"
159,"Accounting for Engineers & Project Managers | Creations | Creations","https://creations.africa/industries/engineering-consultants","200"
160,"Accounting for Attorneys & Law Firms | Trust Account Audits | Creations","https://creations.africa/industries/legal-attorneys","200"
161,"Accounting for Doctors & Medical Professionals | Creations | Creations","https://creations.africa/industries/medical-professionals","200"
162,"Accounting Services Centurion | Tax & Bookkeeping for High-Growth SMEs | Creations","https://creations.africa/locations/centurion","200"
163,"Accounting Services Johannesburg | Tax & Bookkeeping for JHB Business | Creations","https://creations.africa/locations/johannesburg","200"
164,"Accounting Services in Pretoria | Creations","https://creations.africa/locations/pretoria/accounting","200"
165,"Bookkeeping Services in Pretoria | Accurate Monthly Records | Creations","https://creations.africa/locations/pretoria/bookkeeping","200"
166,"Tax Services in Pretoria | Personal & Corporate Tax Compliance | Creations","https://creations.africa/locations/pretoria/tax","200"
167,"Bookkeeping Services South Africa | Cloud Accounting & Records | Creations","https://creations.africa/services/bookkeeping","200"
168,"Tax Services South Africa | SARS Compliance & Expert Consulting | Creations","https://creations.africa/services/tax","200"
